first_name,second_name,last_name,family_name,gender
Henry,Garfield,Tebbutt,Plunket,1982-06-18
Anett,Jojo,Calan,Trembey,1998-02-04
Carmelia,Garik,McKinstry,Osan,1967-04-30
Archambault,Fawnia,Murra,Garraway,1961-07-07
Lorrie,Jackie,Papierz,Antcliffe,1978-06-04
Marylee,Valina,Villa,Soan,1985-11-20
Ninon,Milka,Kleinstein,Thorndale,1964-05-31
Andreas,Care,Petts,Lashford,1992-01-29
Gustavus,Brendan,Roll,Fergie,1976-10-11
Sal,Wilona,Mc Andrew,Hards,1977-12-21
Korrie,Alisha,Heddon,Crickmoor,1987-02-19
Putnam,Deeyn,Grotty,Muino,1960-05-03
Ermengarde,Averyl,Bexon,Capponeer,1996-01-13
Danny,Massimiliano,Mingaye,Loxley,1948-11-08
Livy,Orson,Scarsbrick,Leon,1958-01-04
Davy,Shanon,Clyma,Rozzell,1976-05-15
Webster,Brody,Boam,Albasiny,1955-12-30
Andrey,Smith,Sacher,Browell,1945-09-05
Rockey,Daron,Shields,Kolinsky,1971-06-04
Gorden,Humfrey,Cordrey,Rennox,1999-01-30
Gelya,Grier,Yarrow,Knagges,1991-06-07
Huey,Austin,Woodson,Styche,1964-10-28
Rhianna,Egan,Collimore,O'Halloran,1957-12-31
Davidde,Menard,Lethley,Groomebridge,1995-01-31
Cody,Jasmine,Le feuvre,Kerridge,1999-11-13
Zechariah,Tarrance,Batrim,Brosini,1996-03-30
Maritsa,Stephanus,Dalloway,Dionisetti,1949-09-13
Duff,Orsa,Izkovitch,O'Mohun,1949-10-21
Kakalina,Dareen,Dunster,Haug,1973-08-23
Cosmo,Margeaux,Parsonage,Offill,1987-01-08
Barn,John,Cronkshaw,Juara,1975-02-21
Meridith,Darla,Walduck,Brixham,2000-02-04
Laurette,Bennie,Ciraldo,O'Neill,1968-05-29
Monroe,Aylmar,Ilsley,Binstead,1985-08-13
Hadria,Netti,Rome,Bront,1986-08-22
Nollie,Lisabeth,Shelliday,Berston,1970-09-12
Kirbie,Anni,Lorkin,Kelsell,1962-01-31
Arabela,Morgun,Osman,Milborn,1980-10-30
Roxy,Lacie,O'Feeney,Coniff,1997-09-06
Maure,Felicia,Branchett,Guiet,1997-01-05
Constantine,Sergio,Narramore,Ratcliff,1985-03-27
Ruby,Jemimah,O'Codihie,Grubbe,1989-04-06
Heindrick,Vanya,Truman,Maraga,1980-11-05
Hollyanne,Goldie,Dines,Spinks,1980-12-08
Vasily,Valina,Hastler,Leed,1985-10-18
Wake,Caron,Kulicke,Meltetal,1970-05-22
Gail,Tripp,Kubasiewicz,Purbrick,1973-03-11
Susann,Mike,Lindell,Pettett,1995-08-18
Paulie,Pernell,Tancock,Whorall,1998-04-16
Basia,Karney,Blake,Naptin,1963-11-28
Rodolphe,Reed,Gulk,Haughin,1967-04-11
Reade,Evelina,Bayman,Dressell,1965-05-19
Arielle,Raviv,Cona,Grundey,1974-05-07
Elijah,Boone,Rustidge,Leedal,1950-12-15
Ingrim,Barr,Roughey,Pillans,1995-09-04
Jammal,Kitti,Calkin,Leisk,1981-12-05
Brocky,Carla,Follet,Gillespey,1959-12-22
Archer,Aggy,Courteney,Westrey,1993-10-20
Joaquin,Ninon,Freeborne,Rowles,1983-01-24
Tadio,Hugues,Croxton,Quaif,1953-10-28
Rosalind,Wiatt,Scarborough,Penhaligon,1961-06-27
Chip,Carola,Simonyi,Mewburn,1980-04-14
Travers,Ginelle,Panchin,Machon,1962-01-15
Adan,Charmane,Rignold,Van der Veldt,1982-07-23
Rolland,Dene,Wesson,Lyddy,1949-06-29
Hugh,Culley,Beatey,Staneland,1999-05-30
Jenelle,Pip,Cansdell,Dangl,1983-06-21
Theresita,Aron,Colliss,Pirie,1971-08-09
Daphne,Sergeant,Ashall,Carlyle,1973-10-18
Bart,De witt,Bagwell,Harbison,1973-06-21
Kate,Rodrick,Tupie,Lochead,1971-12-25
Burr,Hallie,Ettritch,Camerello,1992-03-27
Conan,Mavis,Carrier,Warman,1989-05-31
Markos,Lamond,McCorley,Selly,1972-12-19
Roi,Nita,Rosenfrucht,Smythin,1962-11-15
Baudoin,Doll,Bousquet,Cressingham,1965-07-19
Paola,Delphinia,Quenby,Loveday,1965-04-11
Augy,Kathleen,Shenfish,Lewin,1972-10-10
Kailey,Caye,Seers,Wolpert,1953-05-07
Zacharia,Sarine,Flippelli,Benditt,1964-01-30
Walker,Marna,Thomesson,Gideon,1966-03-26
Fred,Oralie,Munnion,Litt,1978-06-16
Gilbert,Adolph,Merrywether,Bousfield,1972-07-25
Natala,Avivah,Eim,Starling,1994-10-26
Cristen,Tilda,Flarity,Baptie,1991-04-30
Nichole,Simmonds,Abelovitz,O'Shirine,1963-10-27
Evania,Tulley,Chopy,Petran,1984-10-24
Chadd,Petrina,Berick,Schall,1952-11-13
Berti,Fan,Duffus,Bootton,1992-07-25
Lorita,Camala,Belliss,Haddow,1970-12-18
Lanni,Winnah,Blomefield,Everill,1962-03-07
Aron,Shirleen,Leare,Kline,1959-06-11
Genevra,Kipper,Dorton,Lowles,1978-04-15
Isak,Kim,Thredder,Sawfoot,1960-06-29
Eloisa,Frants,Mooring,Mucklow,1984-03-18
Eve,Helyn,Itchingham,Garrity,1971-01-22
Bette,Evey,Wheatman,Fanning,1992-01-23
Marieann,Herb,Lippett,Shewring,1953-08-04
Cindi,Haydon,Spurway,Heck,1957-04-09
Ginnie,Dukey,Spincke,Brammar,1955-12-15
Orville,Davie,Duckwith,Kemetz,1987-12-18
Chad,Johnette,Ducker,Martyn,1946-03-09
Clerissa,Emelen,Abrahamovitz,True,1985-01-03
Lotte,Sadie,Quincey,Biggans,1964-04-25
Humbert,Mamie,Quipp,Slane,1999-01-19
Nester,Gaylord,Cisco,Nealon,1987-11-06
Hailee,York,Shee,Rahill,1984-09-10
Clarissa,Fritz,Carine,Durham,1986-06-18
Lorie,Agosto,Cradey,Parsley,1972-01-17
Horatio,Emelda,Patington,Bedome,1975-04-22
Cornela,Cozmo,Garratty,Pietrasik,1948-10-05
Glennis,Purcell,Pentony,Filippucci,1948-09-08
Royal,Marcus,Servis,Whitter,1991-10-16
Hailey,Dari,Warnock,Schreurs,1967-11-08
Haily,Marrissa,Creeboe,Russilll,1974-12-24
Angel,Lonna,Itzakson,Stanbridge,1965-11-26
Timofei,Riki,Ascough,Antonacci,1982-09-10
Travers,Arron,Penvarne,Keiley,1960-03-18
Cornall,Kiley,Assard,Orr,1991-03-06
Nertie,Norby,Rodwell,Hawkswood,1992-08-29
Christabel,Dorey,Lundberg,MacKeeg,1955-02-02
Merna,Christan,Heningham,MacAlpyne,1970-08-13
Antoine,Gerty,Duggary,Varker,1961-02-19
Meagan,Cedric,Tokley,Rollinson,1945-10-24
Sharia,Terrance,Matieu,Noe,1998-07-29
Teresita,Shae,Shirtliff,Loidl,1980-11-16
Ardra,Joshua,Dinneen,Afield,1950-03-11
Otha,Malcolm,Butt Gow,Harlock,1981-07-20
Francisca,Mortie,Bourne,Rappport,1965-07-27
Rebekah,Diann,Harmson,Babbe,1983-09-28
Eolande,Wyatan,Frichley,Clementson,1991-06-09
Kent,Laney,O'Sheerin,Phythien,1974-05-20
Corrie,Jeddy,Rudyard,Maslen,1974-11-25
Mame,Schuyler,Liversedge,McVee,1970-04-30
Rufus,Jilly,Sellek,Spur,1956-02-27
Morie,Franny,Dayes,Tow,1953-01-01
Alicea,Wenona,Longson,Balaisot,1984-03-27
Pietro,Edik,Collete,Einchcombe,1982-02-28
Ozzie,Sada,Ibanez,Gonnin,1968-02-17
Elene,Denise,Daymond,Marmyon,1987-08-24
Northrup,Uri,Farress,Hourihane,1958-04-06
Tamarra,Angelico,Cannaway,Bere,1993-08-19
Delbert,Clo,Mockes,Impett,1992-04-07
Cherie,Arri,Nevill,Steet,1980-04-18
Georgy,Iolande,Albert,Greensted,1977-06-25
Evangelia,Anatole,Imrie,Lettley,1956-03-14
Kara,Anne-marie,Vannoni,Tinner,1988-06-23
Rubetta,Aggi,Foyle,Lofting,1967-03-13
Jammal,Reynolds,Guslon,Piscopo,1955-03-23
Zacherie,Wynnie,Blayney,Bullivent,1949-12-14
Wilfrid,Justus,Pettitt,Ratazzi,1969-10-27
Daryle,Nicki,Agar,Brierton,1996-11-08
Wallace,Constancia,Keenlayside,Macey,1997-11-29
Dwayne,Sandy,Henrion,Kupker,1977-07-18
Trevor,Buddy,Pideon,Larkings,1969-03-22
Ashlee,Louisette,Frenzl,Marini,1970-07-29
Bell,Davine,Traise,Vanyushin,1952-10-12
Helyn,Freddi,Woolis,Giraudel,1998-05-18
Charlotte,Michel,Frayn,Snowding,1946-11-29
Kelwin,Kit,Stern,Loftus,1967-03-23
Dollie,Niven,Hedley,Sygroves,1979-02-15
Rodi,Sauveur,Luciano,Willwood,1996-10-20
Ezequiel,Delcina,Barlas,Bordman,1947-12-01
Kizzee,Tammara,De Zamudio,Frounks,1970-02-20
Dulcine,Naoma,Lympany,Gilburt,1956-12-01
Nealy,Kelsey,MacVean,Yarn,1947-12-28
Thebault,Gabbi,Ackery,Gurko,1974-11-10
Caroljean,Chane,Bumfrey,Beament,1976-03-18
Yelena,Jerrilee,MacGill,Merrigan,1973-06-23
Adoree,Sargent,Kohlerman,Gonnard,1950-10-11
Clim,Linnie,South,Kay,1995-01-02
Maure,Rosabelle,Mogg,Clubley,1980-03-29
Ronnie,Eadmund,Rowlinson,Reilinger,1960-10-06
Lisha,Jarred,Smogur,Feedham,1958-03-04
Fidel,Cordi,Murton,Okeshott,1983-12-25
Tove,Mariana,Hansel,Rohlf,1960-11-13
Cad,Der,Whitfeld,Penreth,1996-12-15
Alana,Beck,Sympson,Woffenden,1989-07-10
Thalia,Evonne,Rowbotham,Dillamore,1994-12-08
Pooh,Zandra,Bellay,D'Ambrogi,1954-07-27
Brewer,Inez,Scourfield,Ferreli,1968-07-23
Ileana,Lilllie,Bardell,Aylett,1971-08-05
Donella,Katya,Lewknor,Kurtis,1957-04-12
Daria,Dennis,McCraine,McClaurie,1987-02-11
Fleming,Hurleigh,Verzey,Abbado,1978-03-09
Dannie,Nahum,Kippins,Coverlyn,1945-10-09
Lem,Lalo,Vigurs,Younie,1951-05-11
Oliy,Harp,Kimmerling,Biles,1959-03-08
Riannon,Dotty,Vann,Mattia,1998-06-18
Adda,Ashly,Deniset,Shank,2000-02-11
Von,Pamelina,Defond,Silberschatz,1983-04-13
Gerry,Perry,Gauford,Oughton,1951-09-28
Delano,Cicily,Blanchard,Tett,1957-08-26
Ron,Teri,Tesh,Sausman,1965-04-27
Gerrie,Orv,Diggin,Upstell,1994-01-31
Dorotea,Joceline,MacParland,Pyatt,1979-10-07
Artus,Lillian,Brudenell,Meekins,1997-09-20
Buckie,Jonell,Mathivat,Deehan,1958-03-30
Fernanda,Janie,Dankersley,Rolinson,1955-09-16
Martainn,Osmund,Beves,Coggles,1996-10-07
Dora,Merline,Rolfe,Tother,1972-02-20
Meghann,Sherri,Carabet,Collet,1997-07-11
Dillon,Norry,Halston,Rosedale,1982-06-14
Andee,Libbie,Dutnall,Ierland,1951-03-19
Kattie,Helge,Bednall,Crosser,1995-05-27
Pierette,Frasier,Bastick,Sarfatti,1955-11-24
Wilmar,Gare,Collop,Blakeston,1986-07-08
Vida,Frannie,Salmond,Goligly,1993-06-19
Cherie,Elston,Fradgley,Ferroni,1968-12-19
Tirrell,Steven,Boshier,Majury,1950-10-07
Devina,Davy,Whittle,Kloska,1991-07-18
Barrie,Garner,Halkyard,Sammonds,1952-02-04
Merrielle,Sherline,Bettenson,Lundberg,1978-03-08
Rosella,Margot,McMarquis,Durbin,1994-05-28
Adorne,Loren,Merrisson,Beattie,1967-01-01
Salvatore,Devy,Macia,Banasevich,1967-04-24
Nicole,Jobey,Bees,Croxford,1970-05-16
Norrie,Billi,Golda,Zealey,1950-04-16
Jaclyn,Devin,Cleugher,Matuszewski,1964-12-28
Bernadene,Kayle,Renfield,Reape,1979-10-28
Evvie,Niki,Mooreed,Helks,1999-07-16
Vitoria,Dorian,Belfit,McShane,1998-07-03
Staffard,Bertie,Dachs,Turville,1952-01-29
Alexei,Garrik,Balnave,Knight,1969-08-13
Tallie,Fernanda,Gascoine,Spinola,1991-04-24
Lester,Halsey,Heisham,Darby,1976-12-27
Karita,Garrett,Yurkiewicz,Broke,1949-01-24
Rudd,Ritchie,Sawell,Cansfield,1947-07-06
Bria,Ina,Draayer,Geleman,1968-09-20
Gay,Shaina,Humphris,Farragher,1993-06-08
Frieda,Horten,Beldum,Sedgman,1982-10-16
Georgeanna,Delcine,Shermar,Lavielle,1994-07-20
Rock,Arlinda,Burchard,Bever,1953-10-27
Ashley,Ellswerth,Clemintoni,Diem,1977-12-28
Debora,Rosalynd,Wesson,Meech,1967-03-03
Buddie,Phaidra,Mawdsley,Dorney,1962-10-05
Bette,Zerk,Gosling,Wheadon,1996-08-12
Ramon,Davida,Richel,Vondrasek,1951-02-03
Alyosha,Brier,Elgram,Shillam,1989-08-15
Marthena,Ailene,Duckhouse,Maving,1991-01-21
Harry,Amata,By,Beynke,1956-06-16
Bendick,Felita,Corradeschi,Macourek,1989-04-29
Brannon,Vivian,Weerdenburg,Frowde,1963-11-05
Ram,Dari,Mc Ilory,Barratt,1946-09-24
Grace,Sindee,Rodwell,De Carolis,1950-12-22
James,Andriette,Cocher,Craze,1959-05-12
Clemence,Lilla,Pittson,Jebb,1970-01-30
Raoul,Enid,Farnorth,Brass,1977-08-15
Courtney,Norbert,Espinas,Shetliff,1992-02-06
Cathyleen,Fae,Gull,Dallyn,1954-01-17
Roselin,Ambrosius,Battyll,Tennant,1979-03-30
Wait,Muffin,Zamudio,Cornier,1991-07-24
Philippine,Pierrette,Hawes,Hulle,1993-10-16
Giordano,Roderick,Heather,Karel,1970-11-30
Rheta,Aleen,Loncaster,McQuillan,1971-03-16
Maire,Gasparo,Prangley,Van der Daal,1994-05-31
Adham,Sue,Marzelle,Frisdick,1958-04-02
Bronnie,Linnell,Nardi,Chamberlaine,1965-10-05
Shurwood,Georgeanna,Wareham,Honniebal,1972-04-10
Aime,Bradan,Canto,Coulson,1981-06-30
Gerianna,Lyn,Barr,Sweetenham,1948-07-09
Fergus,Kristal,Upham,Wilkinson,1954-05-04
Hulda,Dorolice,Hancill,Woolstenholmes,1971-03-25
Gilberte,Enrica,Agglione,Petrosian,1951-04-24
Sena,Lotte,Trunby,Klimmek,1951-09-28
Trudy,Marion,Molan,Shinefield,1991-09-09
Flo,Benji,Slocombe,Fomichyov,1959-05-01
Valene,Jessi,Frisby,Lowdes,1994-10-01
Ibbie,Dionne,Prise,Inworth,1999-08-29
Rosalie,Cortie,Scimonelli,Sauvan,1982-03-14
Trevor,Joan,Stanley,Bodimeade,1997-12-28
Ronni,Annette,Einchcombe,Bleyman,1953-07-06
Dinny,Winny,Fallen,Matveichev,1972-02-23
Burl,Carmel,Hamstead,Probin,1966-08-08
Ardella,Tiffanie,Henworth,Houndson,1950-10-23
Gregg,Kalinda,Dommerque,Adamovitch,1959-12-16
Fancy,Whitman,Stanistrete,Vlasyuk,1996-05-04
Kiersten,Kinny,Paolicchi,Boothman,1972-10-18
Jemmie,Nanci,Vankin,Steed,1960-10-20
Felicle,Etheline,Bidder,Mulligan,1988-10-14
Sherline,Simmonds,Wareham,Pala,1956-09-12
Webb,Dorthy,Wraith,Pietzke,1996-04-28
Richmond,Corrie,Francke,Hackford,1992-09-15
Baron,Alaric,Kyncl,O'Brogan,1952-07-29
Lynda,Muffin,Giabuzzi,Close,1989-01-13
Cheryl,Sharline,Viccary,Josselsohn,1990-12-29
Maryl,Elroy,Pound,Preist,1991-09-13
Andrus,Wilton,Markwelley,Mulqueeny,1999-06-10
Clarabelle,Gottfried,Calderhead,Hansen,1964-02-18
Chrysler,Lorie,Kienl,Antonescu,1957-04-02
Norma,Brittni,Albrook,Fandrey,1950-10-22
Perri,Ned,Doumerc,Dziwisz,1963-11-11
Arnold,Cirilo,Gabbetis,Sconce,1961-03-07
Claribel,Drusy,Pendock,Bayley,1999-10-01
Hewett,Hedvige,Flaherty,Berndsen,1991-07-16
Hugo,Kirstin,Rohfsen,Sainte Paul,1993-01-09
Kalie,Tailor,Bassindale,Burne,1958-02-18
Max,Olga,Jeanes,Zanni,1947-10-22
Aubert,Crysta,Gwillyam,Matusson,1961-01-24
Glory,Cindee,Constance,Culp,1956-07-02
Novelia,Monty,Winslade,Ivkovic,1977-12-20
Ramsay,Malinda,Iacomo,Vella,1976-07-03
Loren,Virge,Wagenen,McTague,1995-11-04
Nealson,Monti,Miskin,McCurry,1965-08-16
Patrick,Verla,Yerrell,Moggie,1967-11-30
Vanny,Chaim,Stirrup,Marquese,1998-08-17
Cathryn,Howie,Garoghan,Moughtin,1976-12-13
Felicio,Jacklyn,Riddell,Capelow,1962-05-04
Theresa,Natty,Brinded,Canto,1971-08-10
Jesselyn,John,Hanton,Challoner,1982-08-02
Mohammed,Daniella,Trangmar,Bowery,1977-05-19
Dael,Roselle,Sangar,Iorns,1967-01-18
Sada,Town,Docherty,Bellord,1977-05-17
Latia,Paula,Adriaan,Mansell,2000-03-08
Norry,Gaby,Marple,Axon,1997-08-16
Nickie,Shepard,Kendell,Pickring,1950-06-06
Damien,Harry,Andreassen,Winslett,1957-11-07
Corrina,Rafa,Nassie,McDavid,1955-06-07
Obidiah,Arch,Ricciardi,Ebertz,1998-08-04
Iseabal,Farlie,Sole,Spain-Gower,1980-05-19
Constantin,Ivie,McMains,Trundle,1994-05-07
Justinn,Mavis,Calvie,Brougham,1997-10-10
Hildagarde,Irwin,Sprakes,Danjoie,1980-09-14
Theo,Rafa,Burrill,Bouller,1979-09-21
Karlis,Dwayne,Canby,Augustin,1971-06-21
Jeane,Marybelle,Bowhey,Besque,1990-12-31
Susanetta,Nevin,Watsham,Friett,1999-07-07
Marris,Domenico,McHarry,Murby,1981-05-01
Leone,Travus,Frost,Packham,1990-10-07
Vince,Neale,Sporner,McInnerny,1953-01-28
Betteann,Maximilianus,Granger,Fattore,1958-02-16
Pamella,Kirstyn,Dobson,Gligoraci,1976-07-22
Audi,Skippie,Tasseler,Van Waadenburg,1970-11-13
Wilbur,Rori,Teck,Ellerey,1958-01-16
Hazlett,Kearney,Sattin,Newham,1988-05-30
Leta,Tarra,Elner,von Grollmann,1979-07-29
Vikki,Eddy,Besemer,Millership,1999-05-11
Cass,Jackson,Marfe,Seldner,1991-02-24
Vernon,Debbi,Sellars,Vasic,1953-06-19
Stanly,Elmira,Warde,Geindre,1957-01-13
Lisbeth,Marjory,Rashleigh,Coxall,1969-10-27
Roddie,Alair,Harp,Tchir,1974-12-25
Marten,Hurleigh,O' Quirk,Fley,1963-12-20
Magda,Kent,Shawyer,Robardey,1967-11-18
Rollin,Fin,Matthius,Pottage,1952-12-04
Orly,Karina,Fozard,Tomasoni,1981-01-26
Berni,Belicia,Pancoast,Hembery,1962-09-23
Rozella,Brenn,Margrett,Gratten,1995-12-10
Christos,Deni,Loudian,Rodda,1960-05-16
Yolanda,Sheelah,Yankishin,Mosedale,1956-04-18
Boyce,Jobie,Feighry,Pischof,1990-01-24
Christyna,Chrisy,Bachanski,Ambrodi,2000-03-05
Torey,Delainey,Thorouggood,Leary,1967-03-22
Naoma,Florentia,O'Hallihane,Laxe,1950-10-06
Hamlen,Thomasin,Boanas,Meddemmen,1976-04-13
Barnett,Olivier,Casswell,Rubenchik,1969-08-13
Lev,Alidia,Lyard,Naire,1971-12-20
Danit,Jasmin,O'Boyle,Janiak,1999-12-05
Diann,Lainey,Tunmore,Landsbury,1958-09-16
Marlee,Kippar,Braunthal,Bowlesworth,1958-05-09
Rubi,Kristo,Caldero,Lukacs,1952-01-18
Marinna,Dorolisa,Jayme,Elgar,1970-12-15
Camilla,Glenn,Kobiela,Spir,1964-09-20
Huey,Fernandina,Baty,De Ambrosi,1950-10-25
Cinda,Karil,Kivlin,Gurwood,1956-03-26
Niko,Daria,Hentzer,Goodrich,1951-07-05
Silvia,Lee,Allwood,Peret,1949-08-29
Tadio,Breanne,Harral,Nelthorp,1968-02-13
Blanca,Carney,Fancutt,Rideout,1981-10-08
Rozalie,Arlyn,Rentcome,Methley,1950-12-21
Sutton,Morna,Kryszkiecicz,Cullrford,1987-04-04
Dorine,Ashleigh,Keith,Amar,1962-09-08
Maible,Danyelle,Davson,Dudill,1968-07-04
Tyrus,Enriqueta,Heinlein,Craster,1966-02-15
Roseanne,Lexie,Awmack,Hulstrom,1963-04-05
Imojean,Tabby,Chang,McAlester,1948-09-18
Verena,Horton,McWhirter,Zarb,1972-02-17
Brad,Othilia,Milkeham,Mulford,1966-08-07
Mychal,Roxanna,Witherup,McRamsey,1946-04-29
Frasquito,Laurice,Matuszyk,Tapton,1997-03-08
Brenden,Trevar,Atteridge,Street,1988-04-18
Ileana,Rogers,Wittman,Arbuckle,1984-11-21
Tricia,Valentijn,Harses,Kindon,1999-06-20
Mirabella,Lon,Speed,Quillinane,1989-12-31
Sonya,Elnar,Sowte,Frandsen,1993-01-16
Halley,Mirella,Keable,Wales,1970-11-03
Eda,Hurleigh,Olivera,Osbiston,1958-03-23
Danny,Benjie,Urch,Pavlovic,1994-12-20
Leonid,Mitzi,Wehner,Goldup,1989-04-11
Randolph,Elvin,Minucci,Trench,1969-04-11
Jada,Elroy,Seedull,Flacke,1984-03-03
Billi,Teddi,Phelipeaux,McVeigh,1967-10-01
Ignace,Ignacius,Malan,Alldread,1977-04-17
Derwin,Chandra,Gethouse,Rawet,1995-05-23
Laney,Marlena,Smallshaw,Breach,1994-01-28
Alix,Hedwiga,D'Cruze,McGairl,1986-11-05
Lolita,Andreana,Lundbech,Whitley,1966-05-13
Linette,Ernesta,Jorck,Rowbottam,1988-10-07
Charmaine,Allissa,Pringley,Forcer,1994-03-19
Samuel,Rozella,Schlag,Mallall,1978-03-17
Niki,Corey,Blew,McComas,1956-06-29
Rickey,Rosetta,Nanelli,Boles,1996-02-24
Meir,Farica,Wharram,Goad,1950-05-11
Cathie,Tamarra,Cornforth,Sharma,1971-02-17
Alexandros,Bailie,Whewell,Loche,1964-01-11
Nissy,Nerita,Playhill,Breakspear,1974-06-15
Chrysa,Zandra,Walentynowicz,O'Donnell,1964-09-25
Hetty,Jolene,Spatarul,Eastbrook,1991-03-24
Minette,Natalya,Beauly,Reoch,1955-12-22
Hilde,Lion,Scoone,Castellini,1993-11-20
Eyde,Jonis,Ruckledge,De Rechter,1952-12-03
Ibrahim,Gaynor,Frohock,Czajka,1950-12-23
Trish,Lazarus,Issitt,Yuryichev,1980-06-18
Fitzgerald,Hamnet,Mulliss,Berthelet,1952-04-28
Owen,Christine,Chettle,Rosencwaig,1971-11-02
Sybil,Ilene,Dandy,Bending,1965-01-04
Arlyn,Aile,Mc Curlye,Tolomio,1972-05-21
Saraann,Salome,Parnaby,Duchesne,1997-05-07
Tommie,Niccolo,Bresman,Bickerton,1950-04-18
Nonah,Jessika,Jahndel,Cokly,1987-01-15
Catina,Rebekah,Ibarra,Greenlies,1985-04-01
Wynnie,Tallie,Baskeyfied,Cattow,1991-01-08
Roxine,Farley,McAnulty,Christall,1999-05-26
Ynes,Claudetta,Mendenhall,Andrini,1994-06-26
Homere,Avrit,Suggey,Willmett,1970-05-23
Antonin,Delora,Hasted,La Croce,1971-12-06
Ignacio,Mathew,Carneck,MacLleese,1986-06-01
Roi,Shermy,Pennells,Libero,1952-01-15
Rycca,Isac,Witchalls,Gingle,1966-01-16
Cinderella,Kimberlee,Croome,Heibl,1980-02-17
Lucky,Jaquelyn,Roxbrough,Shearsby,1949-10-10
Edee,Mord,Hayter,Currum,1999-11-21
Allegra,Homere,Herity,Stockall,1998-12-01
Caresa,Penrod,Canepe,Lebreton,1958-10-28
Gary,Alena,Goodinge,Weekes,1954-09-05
Frazer,Ailyn,Matthewes,Lazarus,1983-06-15
Junette,Davie,Zuanazzi,Orteu,1992-07-08
Thibaut,Nefen,Budcock,Roddell,1946-06-02
Crawford,Katlin,O'Heyne,Parlet,1945-04-25
Vasilis,Justen,Brinson,Cabrales,1995-06-13
Town,Daria,Trime,Edmonstone,1957-02-17
Correna,Elysee,Helliar,Ostrich,1982-12-14
Bastien,Elaina,Renak,Holme,1995-11-01
Karissa,Delainey,Cuxon,Stickney,1992-02-29
Maudie,Carolin,Jaan,Randals,1978-09-18
Belia,Scot,Whittington,Chestnut,1984-10-26
Caitrin,Dallis,Eate,Mersey,1984-11-24
Boniface,Kora,Naisey,Benito,1981-12-27
Terri,Truman,Hulson,Geeritz,1952-01-13
Kati,Mei,Schwandt,Wooles,1994-05-11
Maria,Berta,Heritege,Crutchley,1955-06-29
Coleman,Pat,Roskelley,Overal,1977-07-29
Annamarie,Guss,Olver,Goldney,1995-01-07
Honey,Hobie,MacGinney,Hoffman,1951-06-04
Rex,Caitrin,Wolvey,Arondel,1994-01-03
Shellie,Brok,Wrathmell,Weymouth,1966-06-11
Shepperd,Lianna,Immings,Briskey,1958-03-02
Kitti,Ezra,Slaymaker,Manners,1971-03-17
Darline,Scotty,Allender,Cunney,1946-01-22
Jerald,Barbette,Le Clercq,Lenney,1950-05-10
Carolus,Fremont,Cowe,Webben,1961-12-15
Celesta,Jilly,Apple,Gorler,1948-02-21
Kip,Opal,Byres,Grinter,1982-11-19
Myca,Bram,Morritt,Petrovsky,1992-12-28
Angil,Stephen,Dormer,Leadley,1945-10-28
Maybelle,Harper,Pady,Brushneen,1957-03-03
Belinda,Niccolo,Lyes,Revitt,1966-12-20
Alasdair,Dominik,Belfitt,Vallis,1953-02-03
Sharline,Deirdre,Acors,Blackler,1949-03-26
Duffie,Ileane,Storie,Caswell,1950-03-08
Kermit,Prent,Filintsev,Armer,1972-03-16
Blaine,Goddard,Diben,Worling,1980-01-27
Isidor,Alethea,Sydall,Portch,1989-03-30
Johna,Merill,Canet,Lathleiffure,1981-12-02
Lloyd,Nikolaus,Cawthera,Duckinfield,1967-08-24
Udall,Katya,Childes,Hagger,1966-02-21
Joell,Kitti,Weymont,Attwoul,1996-03-30
Garnet,Darn,Twydell,Saffen,1955-06-07
Maudie,Jay,Grenshiels,Milbourne,1983-04-24
Alfonso,Grant,Gimber,Radford,1990-08-01
Odey,Kipp,Esgate,Duchan,1964-07-29
Hildagarde,Ravi,Skoof,Sebborn,1989-09-24
Elora,Daniel,Glyne,Tandey,1982-09-04
Carlota,Aggy,Dawks,Challenor,1969-01-10
Dionne,Damara,Gravell,Prazor,1980-05-19
Davina,Sallyann,Rapelli,Walkden,1954-11-05
Briny,Marilee,Giamitti,Berndtsson,1966-02-09
Lydia,Carin,Harbottle,Soigne,1984-01-15
Cherida,Rozina,Marlor,Dureden,1990-10-19
Dione,Aldwin,Itzak,Matkovic,1962-11-18
Hymie,Jilly,Alderman,Marr,1997-07-09
Josepha,Nikolia,Coughlan,Durban,1968-10-23
Cammie,Hunter,Stretton,Wellsman,1976-03-28
Mordy,Nowell,Turnock,Brimblecomb,1977-12-25
Rollins,Kristan,Peirce,Raitie,1993-03-22
Maia,Pacorro,Kennagh,Zahor,1993-06-28
Lucille,Riannon,Brokenshaw,Goding,1995-11-23
Brittaney,Emmett,Listone,Edington,1955-07-22
Zsa zsa,Talbert,Stapylton,Norewood,1965-12-20
Gustie,Ricki,Bothwell,Laddle,1997-11-29
Georgeta,Goldina,Noli,Mushrow,1984-03-13
Pet,Abie,Alebrooke,Fawcett,1973-08-26
Tabby,Jammie,Tremolieres,Kopfen,1989-02-10
Kalle,Tildy,Cartin,Cumberpatch,1968-07-05
Denna,Lanette,Birtles,Thresher,1984-09-13
Glynis,Dyann,Van Weedenburg,Colls,1972-06-09
Clive,Arlene,McNeice,Laurie,1993-06-10
Jennine,Ware,Wilcocke,Farndon,1998-01-20
Ricki,Nicolette,Fairley,Sawkin,1983-01-02
Herrick,Corabella,Earwaker,Broxholme,1954-12-02
Dillie,Paulita,Feake,Matyashev,1946-12-25
Audra,Ibrahim,Yarrall,Cricket,1987-01-13
Rowena,Bobine,Geikie,Lindell,1995-11-04
Tony,Cherilyn,Letrange,Oxborough,1990-06-13
Marc,Griz,Corden,Becarra,1988-04-08
Connor,Ede,Cockrill,Algie,1990-11-22
Ludovika,Noll,Puttergill,Presswell,1977-03-30
Mohandis,D'arcy,Cultcheth,Spollen,1989-05-16
Floria,Bondy,Padbury,Savine,1967-05-14
Krystyna,Emily,Keig,Espino,1947-02-16
Trudie,Ginelle,Fivey,Baradel,1967-04-19
Lishe,Ben,Cathrae,Amy,1977-04-04
Shea,Kean,Ping,Gegg,1974-07-06
Sib,Goober,Souley,Gourlay,1946-01-15
Marcelia,Jennie,MacMenamin,Cromie,1986-03-19
Latrina,Trev,Witton,Beven,1960-05-24
Isis,Odilia,Hulatt,Labbet,1986-04-11
Gothart,Cyril,Scotchbrook,Iacovielli,1957-08-12
Annette,Bliss,McAllester,Morpeth,1971-03-12
Nat,Riane,Tootin,Normanville,1996-05-15
Adey,Georgette,Creaser,Dix,1999-03-27
Trevor,Hadleigh,Crisell,Riba,1959-02-20
Patton,Alyssa,Paddingdon,Kinforth,1991-09-12
Charmian,Hunter,Bounds,MacPhee,1996-10-08
Dynah,Ambrosius,Medgwick,McKeurtan,1957-04-10
Fancie,Eloise,Crowest,Damrell,1988-11-19
Bruce,Chilton,Wyldish,Steutly,1963-03-15
Erminie,Johnathan,Meads,Tubb,1984-05-18
Immanuel,Beth,Bucklee,Glendza,1958-12-26
Verne,Marabel,Rippingall,Scotcher,1946-07-30
Curt,Steward,Banger,Branscombe,1983-12-03
Annice,Maye,Ferencowicz,Saipy,1998-09-05
Gertrudis,Maure,Judson,Mabbett,1997-12-02
Krystyna,Arabela,Andrzejczak,Kohen,1973-02-11
Bee,Willie,Ollerenshaw,Avey,1946-03-09
Aubry,Westbrooke,Silkston,Allabarton,1981-11-16
Shea,Reginald,Yaldren,Thacker,1992-04-28
Rakel,Teresita,Harborow,Karlicek,1966-09-05
Rosalinda,Merrily,Humbles,McConigal,1969-08-17
Cory,Melody,Demke,Brett,1983-09-09
Britni,Doralynn,Cathie,Simacek,1976-09-25
Artur,Eden,De Freitas,Abbitt,1975-03-17
Luca,Tiff,Baudasso,Cestard,1946-08-17
Ardelle,Joella,Audrey,Bullocke,1957-08-25
Delilah,Lindsey,Paschek,Carrol,1988-05-13
Samson,Ogdon,Millmore,Guerreiro,1987-11-22
Tracy,Torey,Alessandretti,Wetherhead,1980-09-04
Horst,Sasha,Bonde,Faudrie,1978-05-31
Hersch,Coleman,Congreve,La Padula,1961-09-16
Lorrin,Berke,Antoniat,Dimelow,1977-04-30
Marys,Carmita,Tewes,Attwool,1988-12-26
Jayson,Konstantine,Stroyan,Piecha,1970-03-10
Angelo,Darryl,Verzey,Dionisetti,1974-12-09
Ric,Almire,Tarrant,Iddins,1951-07-12
Gertrud,Ignaz,Clemendet,Le Blond,1983-01-21
Blancha,Krystle,Chidgey,Cadigan,1983-12-22
Cullan,Merrick,Tant,Arran,1953-10-24
Jocelin,Giulietta,Raven,MacSherry,1968-09-27
Odelia,Maureen,Gorton,Seiffert,1955-07-24
Felizio,Axel,Murrthum,Hollows,1966-10-23
Amery,Mirelle,Hale,Mackinder,1952-11-04
Else,Cosette,Poltun,Janicek,1957-04-12
Desi,Julissa,Stammers,Maliffe,1981-12-13
Casper,Cosette,Bullon,Gready,1984-11-21
Waldo,Colleen,Brockelsby,Cullen,1973-09-02
Karrah,Sarette,Rankine,Revett,1967-03-11
Theadora,Theressa,Westnedge,Connichie,1957-08-10
Nance,Devland,Bocking,Peiser,1999-03-28
Tirrell,Gard,Bestall,Rannald,1969-07-24
Flor,Sydney,Jonsson,Stefanovic,1977-02-20
Janessa,Natalya,Cyster,Guidone,1997-01-23
Isa,Agneta,Ashling,Govett,1965-09-30
Archibald,Hector,Gandar,Dormon,1965-09-09
Nikos,Waite,Dayment,Janeczek,1951-02-14
Cyril,Sandy,Mayo,Reyna,1961-03-23
Denni,Daria,Shortland,Laight,1995-03-28
Therese,Jorey,Hegerty,Wincom,1972-10-06
Holly,Karlee,Lamprecht,Golds,1975-12-14
Cherise,Catlee,Asplin,Seabourne,1948-06-16
Felicio,Mellisent,Pethybridge,Porch,1981-02-08
Carissa,Gertruda,Shergold,Airy,1977-11-28
Wandis,Charmaine,McVeagh,Gillicuddy,1961-10-24
Lavinia,Iseabal,Bellas,Kinneir,1983-08-22
Lauree,Culver,Levesley,Deniso,1950-09-04
Smith,Kikelia,Glassborow,Spillman,1954-12-26
Noella,Neala,Longshaw,Van Oord,1977-06-24
Giovanni,Ewell,Hartle,Trass,1983-10-19
Verney,Belle,McElrea,Hambribe,1946-12-24
Rainer,Woodrow,Murrigans,Tiery,1963-07-01
Claribel,Ford,Proschek,Dana,1954-09-15
Dacia,Earl,Giacobelli,Yglesias,1964-11-07
Harald,Ilka,Van Eeden,Romera,1971-10-18
Garwin,Kendrick,Reubbens,Ilyasov,1966-03-21
Ivar,Carin,Van der Spohr,Hugland,1980-03-31
Frannie,Bert,Dominec,Scard,1983-12-24
Phillipe,Glad,Kuhnel,Selwood,1951-09-09
Mada,Joell,Durkin,Gration,1972-11-09
Bevvy,Silvan,Khrishtafovich,O'Heffernan,1981-08-24
Rosemary,Alister,Corradi,Norway,1983-06-04
Leontyne,Hillary,Stickney,Swain,1977-08-09
Wye,Lark,Langran,Batie,1947-08-21
Reine,Shaylynn,Longland,Brownsell,1993-03-16
Kattie,Alexandre,Gecks,Sell,1954-10-17
Desi,Gideon,Crutch,Briand,1977-12-06
Mignon,Florella,Fritchley,Croucher,1986-07-02
Lorilyn,Brynna,Jobb,Myrick,1991-11-09
Derron,Damien,Fulcher,Pennuzzi,1972-11-11
Jeni,Darrel,Paffley,Chittim,1991-05-28
Dena,Chad,Findlow,Thom,1964-01-05
Jada,Weider,Edlestone,Fouch,1957-05-04
Tucker,Chad,Dionisetti,Gatrell,1972-11-01
Dario,Rickie,Trobey,Bleasdale,1999-07-07
Eyde,Tanya,Bruhke,Dalla,1990-01-03
Karee,Julie,Dahill,Jennings,1983-08-19
Nathalie,Adella,Carrol,Rimer,1990-06-17
Ernest,Jessi,Baurerich,Willcot,1946-05-08
Somerset,Elke,Callear,Edwinson,1980-12-22
Leticia,Jared,Clymer,Springthorpe,1945-10-03
Nickie,Kanya,Chuney,Symondson,1998-03-22
Gannon,Candis,Holdren,Macilhench,1986-08-30
Rosina,Mersey,Fulbrook,Palfrie,1983-04-10
Marsiella,Charleen,Celiz,Comberbach,1951-12-11
Jackqueline,Sean,Hancox,Chesterfield,1993-05-05
Abby,Sumner,Rosie,Bennitt,1988-07-10
Marietta,Luisa,Airy,Artrick,1995-08-13
Wilt,Moselle,Middlehurst,Ockleshaw,1969-08-16
Kendal,Way,Lodeke,Epton,1977-09-30
Madelyn,Hamilton,Ofener,Roscher,1969-07-18
Tynan,Felice,Yemm,Crookshanks,1982-04-11
Montague,Hillyer,Savidge,Dutchburn,1969-06-21
Mellicent,Hynda,Cannon,Bendel,1994-12-30
Kelsey,Errol,Farnorth,Sherrocks,1952-02-04
Gussie,Ilise,Medley,Salters,1966-01-05
Dolores,Fran,Beaves,Ortes,1974-03-30
Ruggiero,Zea,Reucastle,Dakhno,1967-03-31
Amble,Deonne,Marlow,Oke,1961-01-04
Katey,Meredith,Pulsford,Agerskow,1986-03-13
Che,Elisabeth,Hanscom,Carillo,1990-11-14
Dara,Greg,Rabbitt,Jimmes,1999-05-13
Tremayne,Cecile,Girardi,Loxly,1986-08-17
Erv,Hi,Chamberlayne,Barlass,1970-03-11
Tedie,Anitra,Tharme,Bradtke,1999-12-05
Coletta,Essie,Wavell,Griswaite,1963-04-03
Fania,Aguistin,Schechter,Ahearne,1968-02-15
Alexine,Vida,Pays,Longley,1973-04-15
Claudie,Fielding,Wybern,O'Rourke,1991-06-21
Chelsey,Jillayne,Moyes,Marchenko,1977-05-08
Lori,Broddie,Goodfellow,Yoxall,1947-10-09
Keen,Joey,Hartnell,Folk,1969-06-04
Prince,Dix,Jeandot,Nucator,1965-12-27
Davon,Sky,Greenset,Mokes,1967-10-19
Olympie,Bruno,Tyrrell,Scrivinor,1987-11-13
Rosalie,Kasper,Wark,McCracken,1961-03-02
Rufus,Sanford,Suttie,Sonier,1967-06-09
Ursola,Dolley,Kyteley,Golsthorp,1947-06-03
Virgilio,Ara,Dunnett,Craythorn,1964-02-28
Filia,Shelley,Kunzel,Barti,1991-09-26
Nilson,Lil,Connechy,Loffel,1955-07-17
Damian,Darlene,Rodolphe,Lewtey,1968-12-08
Gustaf,Ximenes,Bloss,Tunstall,1960-02-15
Shurlocke,Thorvald,Gedney,Godbald,1993-03-02
Nevins,Adams,Gallety,Barrowclough,1978-03-11
Jimmie,Giovanna,Hallock,Dougharty,1969-08-23
Flem,Linn,Throssell,Rowles,1978-12-19
Tadeas,Pietro,Begwell,Eberst,1957-11-01
Rorke,Margi,Galier,Goodlad,1998-11-19
Nial,Prissie,Stithe,Ruddiman,1997-08-05
Harriot,Jamey,Southey,Toffaloni,1975-03-10
Kessiah,Stefano,Nowill,McGookin,1961-07-25
Jehu,Skye,Herrema,Blunsom,1957-12-20
Binnie,Eddy,Butterworth,Bellfield,1973-11-27
Sela,Jillie,Levings,Rein,1978-11-25
Alfredo,Vassily,Allinson,O'Duggan,1973-01-24
Webster,Helena,Ledley,Vasenin,1997-02-13
Matthus,Joseph,Castillo,Oldfield-Cherry,1950-07-28
Burke,Tonnie,Arntzen,Duxbarry,1968-03-29
Dinny,Eveleen,Danforth,Loveard,1981-10-27
Nicola,Bryn,Stitt,McPeake,1963-02-10
Odella,Tobi,Delcastel,Vardy,1955-09-22
Othelia,May,Alliker,Iacovone,1970-10-30
Wait,Kara-lynn,Shapcott,Rutt,1968-03-24
Nettie,Lou,Watkiss,McSporon,1959-05-07
Lindsey,Raynor,Likly,Falconbridge,1948-04-01
Cordell,Kristy,Oriel,Malcolm,1973-02-22
Guillemette,Evonne,Dewane,Wilcinskis,1961-09-08
Tades,Eb,Cardenosa,Shapira,1991-04-29
Clarinda,Martina,Montacute,Leggott,1952-08-23
Farris,Vernice,Hurtado,Doerling,1946-06-02
Steffie,Joly,Mc Comb,Belward,1964-10-16
Hartley,Tine,Casali,Northen,1957-07-01
Kat,Janka,Endacott,Anfosso,1947-10-24
Star,Davita,Piggens,Ilyukhov,1948-09-12
Lotti,Georg,McConachie,Atterley,1983-07-26
Cord,Stoddard,Ashburne,Wennam,1987-04-21
Rozella,Robb,Ellcock,Ritelli,1970-04-15
Cynthy,Ceil,Illston,Madle,1970-06-30
Nev,Henry,Kyme,Pasmore,1987-08-31
Reina,Cori,Busby,Vicary,1952-11-06
Jasper,Florrie,McTear,Yaneev,1995-01-07
Binny,Sibylla,Pigne,Whitemarsh,1945-11-04
Chelsea,Zenia,Giacubo,Sives,1954-07-09
Miguel,Jock,Attenburrow,Paradis,1971-04-24
Davidde,Alexandra,Dudgeon,Stockoe,1988-08-25
Jewel,Christian,Winram,Cudby,1977-08-16
Nathanael,Forest,Folkerts,Pinckstone,1977-07-22
Allyn,Galven,Smyley,Harbage,1961-12-16
Hurlee,Nari,Stonhouse,Adderley,1948-06-29
Latisha,Alysa,Balfe,Shark,1983-06-07
Neron,Any,Sleeman,Melonby,1986-12-06
Umeko,Wilie,Cristofol,Picken,1948-01-07
Anderea,Ranna,Attrill,Scutchings,1948-02-17
Caye,Mechelle,Stonhouse,Rivelon,1986-12-02
Dag,Waly,Filmer,Peggram,1993-10-15
Aleda,Nicol,Jancar,Gadie,1962-02-19
Amity,Odette,Murcott,Szwandt,1999-08-22
Lorraine,Mel,Delion,Lippini,1978-05-06
Lanna,Arly,Hender,Forrest,1949-01-03
Pepe,Rosene,Ordish,Kinnoch,1987-09-28
Deni,Kitti,Thurstance,Lindenfeld,1974-02-17
Georgine,Madelina,Hourigan,Ahrens,1986-11-28
Deena,Zed,Sehorsch,Manston,1960-06-25
Barbara-anne,Mickey,Bingham,Hacun,1983-03-12
Valma,Rolf,Fireman,Veness,1955-09-30
Gabi,Alis,Birdsey,Hallifax,1968-08-11
Giordano,Thorvald,Lozano,Armatage,1992-08-06
Kerry,Corliss,Lernihan,Overel,1993-04-27
Vere,Eliot,Bench,Moy,1946-06-27
Reagen,Lorin,Orpwood,Duffett,1950-01-21
Haslett,Biron,Brevetor,Spencock,1988-01-10
Julee,Lolita,O'Scannill,Hayball,1959-12-29
Codie,Flory,Gillino,Whitelaw,1971-11-23
Flory,Kent,Saggs,Mitchell,1996-11-10
Gwen,Trenton,Snoad,Shellcross,1998-03-14
Horacio,Patton,Nerheny,Sandever,1953-08-05
Nadine,Daphna,Dorro,Tomkies,1998-01-11
Alex,Cristian,de Keyser,Dyers,1993-08-04
Dall,Urbano,Bartomeu,Puttan,1998-12-17
Wright,Morgun,Stilgoe,Brownsey,1967-09-30
Kirbee,Craggie,Kaman,Korn,1964-08-16
Randy,Roxine,Duley,Messham,1986-09-20
Carmel,Garvy,Joanic,Hatzar,1980-11-05
Aile,Bree,Spowart,Disbury,1959-08-02
Gabriele,Julee,Keri,Mylchreest,1947-10-22
Dirk,Tobi,Catterick,Cullerne,1992-07-08
Ruben,Dacey,Renon,Clementi,1993-02-17
Lebbie,Hirsch,Lugsdin,Caras,1989-05-28
Phebe,Vernice,Isaak,Showen,1998-04-15
Kiri,Yale,Sange,Gabbatiss,1991-12-06
Leeland,Ricard,Sturley,Featherby,1969-10-10
Karleen,Marketa,Grier,McDougle,1969-09-21
Maybelle,Hannie,Mathely,Tabbernor,1959-09-22
Gaye,Corette,Swatridge,Carah,1994-02-28
Fidel,Zak,Punchard,Neasam,1965-03-06
Mignon,Jocelyne,Halshaw,Aronstam,1960-07-07
Malory,Ester,Lucian,Yegoshin,1977-07-30
Gail,Mallory,Braunle,Simonassi,1970-07-30
Katerina,Roscoe,Covert,Yacobsohn,1956-05-08
Max,Jimmie,Fearnyhough,Jansey,1967-02-06
Carlo,Rosalie,Alflat,Goldsbrough,1962-08-02
Norry,Otes,Oates,Buck,1961-01-27
Stefania,Modesta,Ewan,Rutgers,1973-04-18
Leland,Ettie,Sodor,Surphliss,1998-11-15
Hugues,Poppy,Cutchey,McAnellye,1949-05-28
Steffen,Erie,Cossum,Kollas,1956-08-22
Xenos,Cyndie,Hebbes,McLise,1976-10-03
Dimitry,Armand,Duny,Cornbill,1969-02-21
Eyde,Theresa,Wenderott,Jurca,1997-10-29
Laughton,Frants,Broddle,Schuelcke,1950-12-05
Noah,Geri,Perren,Bramich,1956-01-29
Dalt,Ara,Brame,Fritzer,1957-09-23
Berk,Sybyl,Sells,Yglesia,1955-12-28
Sharona,Jeanelle,Bowlas,Sine,1980-08-17
Noach,Athena,Laughton,Josefowicz,1997-06-22
Ashla,Averyl,Godar,Castanos,1995-06-19
Cass,Jeanelle,McMeekin,Maud,1962-03-20
Lenna,Dian,Guite,Molder,1959-12-27
Noell,Brice,Piwell,Weatherburn,1967-11-06
Feliks,Mada,Bonder,Papierz,1963-10-14
Sal,Brandice,Fairbairn,Wagg,1988-11-16
Susann,Patrizia,Worsall,Hellard,1948-06-10
Dare,Alameda,Curnucke,Taillard,1972-04-04
Michele,Ammamaria,Coldtart,Buttle,1993-03-06
Karlene,Udell,Willbond,Murney,1975-12-10
Stevena,Pete,Codron,Hurn,1982-12-20
Lorena,Fidole,Darlow,Nisbith,1981-10-07
Remy,Linnie,Bosche,Nequest,1976-06-09
Ellette,Hanny,Dobie,Shaxby,1949-12-15
Bessy,Garvy,Straine,Ginley,1979-08-16
Jodi,Valdemar,Dealy,Dearle,1991-02-21
Adriena,Damien,Balham,Gunter,1966-09-21
Barton,Damara,Wordsley,McGinny,1971-03-25
Candy,Peyter,Poltun,Lindl,1955-09-08
Oates,Sonnie,William,Weepers,1971-06-21
Bevon,Brewster,Kurt,Barriball,1960-01-11
Domenico,Hillie,Attiwill,Jeannaud,1952-04-18
Mose,Helenka,Tookey,Trunkfield,1946-03-31
Reagan,Yevette,Dillistone,Margaritelli,1993-09-19
Tannie,Yancey,Grayshon,Wisbey,1965-01-27
Obidiah,Hillery,Cossons,Curr,1953-02-20
Yettie,Sheridan,Oels,Woolway,1991-01-16
Isa,Grant,Tibbs,Blomfield,1996-06-02
Aurilia,Margo,Heckney,Gathwaite,1984-10-31
Maribel,Ediva,Petrishchev,Furlong,1969-09-16
Marena,Nikolas,Sillick,Clac,1957-04-26
Casey,Christoph,Wordington,Fantonetti,1977-05-24
Harvey,Nicolle,Ghidotti,Vasilischev,1996-05-26
Arin,Nina,Rothon,Tsar,1960-08-06
Hayes,Rebekkah,Featherstonhalgh,Goby,1985-11-15
Garold,Howey,Yoakley,Bridgewood,1955-05-23
Lelia,Thedrick,Olwen,Floyde,1981-11-17
Aggy,Stearn,O'Kenny,Caseborne,1982-03-31
Gibb,Kizzee,Storch,Lightbody,1951-09-01
Caddric,Sherman,Baalham,Morpeth,1970-05-07
Helyn,Merwin,McElree,Dean,1946-12-01
Davy,Sisile,Galia,Speck,1952-01-19
Sherrie,Lisle,Ambrosch,Ingree,1959-03-08
Ezekiel,Abbye,Worsnip,Padden,1984-05-22
Barnabas,Bonnee,Najera,MacMearty,1978-07-18
Barbara,Gaby,Worboy,Nani,1993-04-29
Cammy,Curtice,Danielsohn,Keslake,1966-01-02
Marylynne,Vidovic,Serrier,Shayler,1953-03-14
Buddie,Patric,Moody,Liddiard,1952-09-09
Zared,Raychel,Font,Hanby,1982-07-17
Merry,Cob,Jamrowicz,Speddin,1963-06-29
Fonzie,Winifield,Lorkings,Davydychev,1991-06-15
Mandi,Warde,Willoughley,Handlin,1952-08-13
Charmine,Katina,Dran,Griffiths,1957-04-27
Nathaniel,Martie,McAster,Lammenga,1994-05-10
Graehme,Kile,Du Fray,Sorley,1986-12-01
Bessie,Maiga,Gulliford,McKague,1996-11-10
Kenneth,Marjie,Yukhtin,Fortnon,1963-10-29
Prissie,Ginger,Fellini,Gisby,1996-04-26
Diane,Colene,Camous,McGinly,1980-12-17
Dinnie,Marcus,Edelheit,Aimer,1960-11-02
Flossy,Nikki,Cappel,Pylkynyton,1974-08-06
Perri,Phillipe,Zorro,Gerckens,1946-04-02
Ford,Emmie,Lamont,Jeffes,1982-06-24
Wally,Damita,Micah,Seys,1946-01-16
Terrie,Pammi,Ludman,Rolls,1952-08-28
Adolpho,Avrom,Nutt,Lovejoy,1951-08-25
Corrine,Zerk,Le Friec,Sherar,1945-08-19
Emilia,Alie,Steere,Abramow,1990-07-12
Chrissy,Bel,Prazer,Wannes,1996-01-28
Albina,Elroy,Basham,Prattington,2000-03-02
Lorraine,Fabiano,Northern,Bunce,1947-12-16
Lorie,Corabelle,Ledward,Piele,1964-09-08
Charla,Marilin,Shillitoe,Camillo,1960-10-12
Jackson,Luciana,Caw,Guidini,1989-11-26
Ewen,Gaylord,Catt,Franzonello,1985-03-04
Gregorius,Kelley,Geke,Paradise,1989-12-02
Miguela,Leoine,Frosdick,Scudamore,1978-07-26
Hasty,Robinet,Brimm,Pippin,1949-06-26
Berk,Natka,Birchall,Yeardley,1971-03-05
Ripley,Herman,Kirkebye,Peres,1991-11-07
Lissy,Sven,Ouldcott,Vardie,1968-09-23
Madelaine,Steve,Yeaman,Ansteys,1972-03-19
Gill,Thibaut,Ansteys,Mioni,1992-07-06
Barnard,Cara,Minot,Sturney,1979-02-23
Holly,Barbie,Grimsditch,Picker,1980-10-28
Clint,Jacynth,Diemer,Eckersall,1989-05-09
Merl,Larina,Joscelyn,Frankowski,1975-03-01
Kathryne,Thurstan,Sidry,Banat,1953-10-08
Meredeth,Lisle,Royle,Castard,1990-06-21
Ciro,Noelle,Lombardo,Brower,1999-02-27
Benedetta,Justus,Blondin,Slott,1996-12-16
Lizabeth,Kincaid,Pittford,Ziemens,1947-06-15
Alvie,Morse,Nerne,Churchard,1969-06-24
Piotr,Tressa,Treadger,Chessun,1956-03-12
Stafford,Donna,Malloch,Chitson,1950-12-19
Jerry,Gill,Buchan,Tamblingson,1996-05-27
Francoise,Vladimir,Quayle,Penrith,1996-11-16
Nicholle,Amalee,Molohan,Keefe,1966-11-23
Adrea,Bella,Janoschek,Trevance,1987-05-07
Tyrone,Phillida,De Roberto,Baynom,1997-02-05
Magdaia,Goldina,Malpas,McKerton,1948-11-19
Isabeau,Alta,Cicconettii,Howcroft,1970-02-03
Reba,Alfreda,Lamplugh,D'Cruze,1985-12-01
Corey,Joshia,Sextone,Ortiger,1971-09-01
Tallie,Keslie,D'Agostini,Hubbard,1958-04-09
Orsa,Kally,Robers,Dacre,1976-10-17
Melanie,Alfred,Billingham,Albery,1998-06-10
Chelsey,Benni,Preshous,Lipscombe,1974-09-14
Ingamar,Vita,Bartens,Ludwikiewicz,1981-12-04
Virgie,Libbi,Tennison,Mattes,1947-06-24
Margalit,Cynthie,Thews,Wibrow,1975-11-12
Juli,Alexine,Fragino,Moston,1994-11-10
Alayne,Lela,Messum,Flicker,1955-07-17
Bordy,Cassandra,Towse,Schlag,1954-08-16
Thorndike,Ignacius,Schultz,Swatton,1988-01-22
Ellwood,Brodie,Diddams,Priddy,1991-06-30
Jocelyn,Devlin,Abrahart,Fearnall,1991-08-11
Thacher,Benedict,Cafe,Trevna,1953-10-08
Amble,Farlay,Duchan,Di Dello,1958-12-20
Aldus,Martino,Clyburn,Aldwich,1974-03-08
Eleni,Honor,Albrecht,Andrault,1971-01-30
Wilek,Garey,Hurdwell,Abilowitz,1977-03-20
Dorelia,Dru,Kubera,Obbard,1990-03-10
Vania,Mallorie,Mollison,McComish,1967-07-20
Alexine,Marcel,Pitkaithly,Rack,1945-12-20
Klarika,Berke,Aberkirder,Lafford,1987-07-01
Garwin,Lianna,Troctor,Lune,1961-03-31
Aurea,Kermie,Buttress,Megainey,1992-12-09
Aili,Frederique,Pelosi,Rankmore,1971-10-07
Dael,Kristy,Bewshire,Gumb,1984-06-03
Bennett,Irita,Smaling,Kopman,1985-10-07
Goldina,Hubey,Stoodley,McNelis,1972-03-10
Astrid,Vaclav,Jenk,Richold,1965-12-30
Ginger,Cy,Capin,Doole,1993-12-09
Letty,Elroy,Alfonsetti,Drinkall,1993-09-17
Rayner,Leslie,Geeve,Wolfit,1975-08-16
Barnard,Kilian,Chessil,Imlock,1974-05-09
Ram,Letizia,Lindfors,Winnett,1985-03-10
Clementia,Fitz,Tunney,Phebey,1992-05-21
Phyllida,Jelene,Malyon,Basford,1980-09-19
Davita,Thia,Hamnett,Tillyer,1986-10-24
Tatum,Booth,Arnke,Sherwood,1966-10-04
Egon,Georgi,Slipper,Goff,1947-07-14
Dewey,Lucie,Dalley,Kleisel,1966-11-20
Mata,Axel,De Andreis,Goch,1951-02-13
Theodoric,Augustine,Catlette,Thompson,1946-07-04
Paulie,Ernesta,Brandt,Kubera,1953-10-11
Gertrud,Silvana,Yorkston,Heeran,1970-05-06
Roberta,Bartholomeo,Clemson,Danielkiewicz,1958-02-09
Julian,Ximenes,Manifould,Behan,1983-07-14
Robby,Amanda,Ioannidis,Minico,1970-02-17
Melody,Alexa,Size,Schleswig-Holstein,1946-06-23
Jemima,Rafe,Guillem,Rooke,1950-05-29
Byrann,Don,Plewman,Alberts,1987-03-07
Kerry,Lindi,Rizzetti,Malpass,1991-08-12
Jean,Sheela,Swinglehurst,Cruikshank,1959-10-27
Adorne,Gillie,Hughill,Haldane,1948-05-25
Dareen,Jeana,Megson,Freddi,1950-11-15
Matthus,Norbert,Shinfield,Raitie,1976-01-27
Lind,Idell,Sidney,Skip,1964-01-10
Melina,Kai,Dugald,Moralas,1945-04-30
Gayleen,Constanta,Killner,Joiris,1975-07-18
Reiko,Carley,Billett,Walles,1978-07-14
Emelita,Wandie,Hovy,Sheeres,1985-06-24
Moises,Garry,Tingey,Menchenton,1975-03-01
Nancie,Andrea,Bootland,Ivanishin,1954-10-31
Ramonda,Pieter,Bonnett,Matschoss,1991-12-01
Venita,Page,Keyzman,Simak,1988-05-03
Deerdre,Kathy,Yourell,Daintith,1973-10-09
Freddie,Leda,Gude,Perett,1986-06-09
Jeremiah,Charmain,Dugmore,Grimmert,1965-09-10
Meggi,Bron,Gaggen,Doogue,1983-02-04
Teddy,Juliann,Cortese,Merrall,1994-11-28
Gar,Jamima,Stanway,Kimpton,1991-07-07
Reginald,Germayne,Foister,Aronin,1994-06-10
Candace,Della,Acomb,Wakelin,1993-01-14
Sloane,Aldous,Dreghorn,Ambrogetti,1963-06-17
Isak,Hakim,Doggerell,Abazi,1952-03-07
Rodolfo,Bevvy,McIan,Lghan,1983-01-22
Shannon,Jill,Gookey,Bondar,1979-07-17
Ulrike,Maggee,Witterick,Yeell,1962-12-30
Lainey,Riley,Covington,Heasley,1949-10-03
Addia,Else,Marsland,Davidavidovics,1948-06-29
Idelle,Jabez,Meas,Walder,1965-10-08
Torey,Gavin,Kalkofen,Brighty,1954-04-07
Ernestus,Eliza,Salvidge,Garrique,1957-05-18
Phoebe,Mario,Batisse,Dinkin,1966-06-30
Andie,Sergeant,Kilty,Berrane,1983-05-11
Tracey,Gillian,Freddi,MacLucais,1995-10-06
Glyn,Kendal,Aitcheson,Diviney,1955-10-15
Nari,Evelyn,Petkov,Harling,1952-12-14
Shalne,Hallsy,Sloyan,Tale,1975-04-04
Kata,Francyne,Gilby,Maleham,1950-10-14
Walliw,Jakie,Millichip,Macrae,1977-02-09
Ambrose,Torr,Ellerbeck,Willes,1973-06-22
Ring,Cordey,Midghall,Elks,1948-09-03
Emmalynn,Tess,Levi,Jochanany,1950-01-17
Christoffer,Linda,Yakovl,Wigginton,1953-06-04
Niccolo,Mikey,Yorath,Gummary,1961-12-03
Lucho,Johny,Malec,Kilius,1949-03-04
Cherey,Evangelia,Tesyro,Ollander,1958-05-27
Daloris,Lyon,Hasley,Iannello,1963-02-28
Andromache,Cecil,Dingle,Kubal,1970-08-28
Rouvin,Odele,Stiff,Minet,1997-06-22
Tarrance,Sandi,Lupson,Jilliss,1988-07-23
Kristopher,Tannie,Normanell,Copyn,1969-11-04
Marissa,Germayne,Viall,Cattach,1996-06-04
Petunia,Shurlock,Stendell,Rudham,1983-08-30
Hubert,Matti,Gergus,Philipson,1997-11-16
Jaimie,Clem,Switzer,Hearons,1963-01-15
Gallagher,Avrit,Carwardine,Hanaford,1961-10-24
Ira,Noelyn,Scrane,Faulconbridge,1997-07-06
Erasmus,Alexandre,Butcher,Lavender,1957-12-28
Alfy,Franny,Rosenstengel,Perry,1985-11-21
Tiffy,Perren,Cosgry,Curling,1985-12-20
Erminie,Jefferson,Pryer,Dohmann,1959-10-16
